Number of Elements (n)	 Time (sec) 
10	8.8e-07
100	2.41e-06
1000	1.921e-05
10000	0.00010507
100000	0.00080735
1000000	0.00734774
10000000	0.0663616
